city,med
Bogota,-0.05909618220768358
Lima,-0.023648300426757363
Santiago,-0.3659661831776436
