city,med
Bogota,-0.05891945527338687
Lima,-0.023441371728180622
Santiago,-0.3663396177097734
